{
  "fold": 1,
  "best": {
    "epoch": 16,
    "train_loss": 0.3967609309531515,
    "train_ce_loss": 0.395377023289781,
    "train_supcon_loss": 0.009226050813217482,
    "val_loss": 0.6357456999693852,
    "val_top1": 0.9528837270687607,
    "val_top5": 0.990629536755972,
    "lr": 1.25e-05,
    "train_samples": 38860,
    "val_samples": 7577,
    "validated": true
  },
  "best_checkpoint": "/home/matiasfernandezjr/NmFrameMog/NG/yolov8x_product_pipeline/workspace/runs/yv8x_3fold_050ep_001/recognizer/fold_1/best.pt"
}