{
  "round_id": "71451d74-be9f-471f-aacd-a41f3b68a9cd",
  "round_number": 1,
  "elapsed_seconds": 2085.599057625048,
  "strategies": {
    "hybrid_solver": {
      "mean": 55.97673177426914,
      "scores": [
        53.805681938262815,
        58.36361303840374,
        56.333219444200935,
        59.10500267539567,
        52.27614177508249
      ]
    },
    "filter_baseline": {
      "mean": 33.03497367534224,
      "scores": [
        30.427885006120114,
        35.84500069330884,
        30.97295821875997,
        37.36407557883245,
        30.56494887968986
      ]
    },
    "initial_prior": {
      "mean": 25.93600682354287,
      "scores": [
        26.35399228749677,
        25.367835274040885,
        27.924531140626218,
        24.95851612862591,
        25.07515928692456
      ]
    },
    "smc_particle_filter": {
      "mean": 17.27291956872228,
      "scores": [
        17.311947409392005,
        18.04629213081455,
        18.473110080527643,
        16.59120338944901,
        15.94204483342819
      ]
    },
    "mc_oracle": {
      "mean": 16.826804292539528,
      "scores": [
        16.92119699509145,
        16.732872330375297,
        18.84609663578613,
        15.763342539735902,
        15.870512961708874
      ]
    },
    "uniform": {
      "mean": 4.735398360939764,
      "scores": [
        4.2845294704172865,
        5.072189538983709,
        4.466994240218803,
        5.221667874071927,
        4.631610681007097
      ]
    }
  }
}