{
  "folds": [
    {
      "held_out_round_id": "71451d74-be9f-471f-aacd-a41f3b68a9cd",
      "held_out_round_number": 1,
      "round_weight": 1.05,
      "learned_weights": {
        "core": 0.2,
        "expansion_ring": 0.0,
        "coastal_hub": 0.0,
        "remote_coastal": 0.0,
        "remote_inland": 0.0
      },
      "learned_scores": [
        57.80232660224577,
        61.325281024330394,
        58.378095554595156,
        64.23752003139246,
        57.11147838849473
      ],
      "learned_mean": 59.77094032021171,
      "base_scores": [
        58.179136519007535,
        61.33411212176464,
        58.14557504558181,
        64.33237085434457,
        57.088986475647104
      ],
      "base_mean": 59.81603620326913,
      "fallback_scores": [
        30.427885006120114,
        35.84500069330884,
        30.97295821875997,
        37.36407557883245,
        30.56494887968986
      ],
      "fallback_mean": 33.03497367534224
    },
    {
      "held_out_round_id": "76909e29-f664-4b2f-b16b-61b7507277e9",
      "held_out_round_number": 2,
      "round_weight": 1.1025,
      "learned_weights": {
        "core": 0.2,
        "expansion_ring": 0.0,
        "coastal_hub": 0.0,
        "remote_coastal": 0.0,
        "remote_inland": 0.0
      },
      "learned_scores": [
        66.20004620964247,
        68.02836078957479,
        67.54965420132692,
        66.64838965279839,
        68.6523653758043
      ],
      "learned_mean": 67.41576324582937,
      "base_scores": [
        66.45534084715628,
        68.15576499609394,
        67.53422854762321,
        66.46009546876115,
        68.58543556411628
      ],
      "base_mean": 67.43817308475016,
      "fallback_scores": [
        37.24962108037189,
        41.07625088654976,
        40.73487128047895,
        42.73797737838326,
        42.24904768047965
      ],
      "fallback_mean": 40.8095536612527
    },
    {
      "held_out_round_id": "f1dac9a9-5cf1-49a9-8f17-d6cb5d5ba5cb",
      "held_out_round_number": 3,
      "round_weight": 1.157625,
      "learned_weights": {
        "core": 0.2,
        "expansion_ring": 0.0,
        "coastal_hub": 0.0,
        "remote_coastal": 0.0,
        "remote_inland": 0.0
      },
      "learned_scores": [
        33.92164789524787,
        33.195380071879946,
        32.16231037602954,
        33.625096484761954,
        33.20460372839615
      ],
      "learned_mean": 33.22180771126309,
      "base_scores": [
        32.62641944529565,
        32.19143633178431,
        30.995093202785895,
        32.50455291233152,
        32.17527847834901
      ],
      "base_mean": 32.098556074109275,
      "fallback_scores": [
        20.527432033732392,
        21.197268055107067,
        21.0822694800325,
        19.80579078319621,
        20.41102153882686
      ],
      "fallback_mean": 20.604756378179005
    },
    {
      "held_out_round_id": "8e839974-b13b-407b-a5e7-fc749d877195",
      "held_out_round_number": 4,
      "round_weight": 1.2155,
      "learned_weights": {
        "core": 0.2,
        "expansion_ring": 0.0,
        "coastal_hub": 0.0,
        "remote_coastal": 0.0,
        "remote_inland": 0.0
      },
      "learned_scores": [
        61.7931291563655,
        66.27466200679395,
        64.74206309866373,
        62.81744478532004,
        64.50464448686743
      ],
      "learned_mean": 64.02638870680214,
      "base_scores": [
        62.482987187992656,
        66.6343002575749,
        65.29413814336161,
        63.44775453842062,
        65.05669702913113
      ],
      "base_mean": 64.5831754312962,
      "fallback_scores": [
        25.99313584582319,
        31.414426224013138,
        27.21925140775099,
        26.397271769197705,
        28.936512727402526
      ],
      "fallback_mean": 27.99211959483751
    },
    {
      "held_out_round_id": "fd3c92ff-3178-4dc9-8d9b-acf389b3982b",
      "held_out_round_number": 5,
      "round_weight": 1.2763,
      "learned_weights": {
        "core": 0.2,
        "expansion_ring": 0.0,
        "coastal_hub": 0.0,
        "remote_coastal": 0.0,
        "remote_inland": 0.0
      },
      "learned_scores": [
        61.07144230148123,
        59.163203061683035,
        62.313606802538445,
        64.81502552190265,
        62.92625580746128
      ],
      "learned_mean": 62.05790669901334,
      "base_scores": [
        59.71949625668825,
        58.050765942826146,
        61.376635623678844,
        64.34588432252863,
        62.166606910951714
      ],
      "base_mean": 61.13187781133472,
      "fallback_scores": [
        35.00673476919465,
        33.49578893814172,
        34.85780289913459,
        35.61886215138278,
        34.03550488151934
      ],
      "fallback_mean": 34.602938727874616
    },
    {
      "held_out_round_id": "ae78003a-4efe-425a-881a-d16a39bca0ad",
      "held_out_round_number": 6,
      "round_weight": 1.3401,
      "learned_weights": {
        "core": 0.2,
        "expansion_ring": 0.0,
        "coastal_hub": 0.0,
        "remote_coastal": 0.0,
        "remote_inland": 0.0
      },
      "learned_scores": [
        63.49665343355767,
        62.55053149848253,
        64.06527420044546,
        64.88105565591694,
        61.68263864589017
      ],
      "learned_mean": 63.33523068685855,
      "base_scores": [
        62.92058219893748,
        61.88496279622853,
        63.322189881368075,
        64.05179254946277,
        61.08179527961271
      ],
      "base_mean": 62.652264541121916,
      "fallback_scores": [
        46.45761119299947,
        45.41131459978524,
        49.86686252862202,
        49.139537226030875,
        49.13673959283243
      ],
      "fallback_mean": 48.002413028054015
    },
    {
      "held_out_round_id": "36e581f1-73f8-453f-ab98-cbe3052b701b",
      "held_out_round_number": 7,
      "round_weight": 1.4071,
      "learned_weights": {
        "core": 0.2,
        "expansion_ring": 0.0,
        "coastal_hub": 0.0,
        "remote_coastal": 0.0,
        "remote_inland": 0.0
      },
      "learned_scores": [
        41.86111927007091,
        48.006598042294115,
        49.342416570308366,
        46.3883488982658,
        48.741334543689426
      ],
      "learned_mean": 46.86796346492572,
      "base_scores": [
        39.96073360431348,
        46.92487141590536,
        47.17483260783996,
        44.13971036164702,
        47.21865792520767
      ],
      "base_mean": 45.0837611829827,
      "fallback_scores": [
        31.081575774410396,
        34.743721449990296,
        34.46597999259857,
        33.14785071585167,
        33.1361249352328
      ],
      "fallback_mean": 33.315050573616745
    },
    {
      "held_out_round_id": "c5cdf100-a876-4fb7-b5d8-757162c97989",
      "held_out_round_number": 8,
      "round_weight": 1.4775,
      "learned_weights": {
        "core": 0.2,
        "expansion_ring": 0.0,
        "coastal_hub": 0.0,
        "remote_coastal": 0.0,
        "remote_inland": 0.0
      },
      "learned_scores": [
        51.34474524223284,
        42.61003540187025,
        52.33298057440929,
        46.28755201051799,
        46.320776665127326
      ],
      "learned_mean": 47.77921797883155,
      "base_scores": [
        51.703924674616495,
        42.945161438324256,
        52.807053256389025,
        46.64118964242007,
        46.40803083479041
      ],
      "base_mean": 48.10107196930805,
      "fallback_scores": [
        20.711789383478564,
        14.293185136735925,
        20.93439672190488,
        15.752967453931774,
        16.735077153260733
      ],
      "fallback_mean": 17.685483169862373
    },
    {
      "held_out_round_id": "2a341ace-0f57-4309-9b89-e59fe0f09179",
      "held_out_round_number": 9,
      "round_weight": 1.5513,
      "learned_weights": {
        "core": 0.2,
        "expansion_ring": 0.0,
        "coastal_hub": 0.0,
        "remote_coastal": 0.0,
        "remote_inland": 0.0
      },