{
  "fold": 2,
  "best": {
    "epoch": 15,
    "train_loss": 0.4076092222082556,
    "train_ce_loss": 0.4063679809625302,
    "train_supcon_loss": 0.008274942797591797,
    "val_loss": 0.6243217592811785,
    "val_top1": 0.9573066280142312,
    "val_top5": 0.9890631176703123,
    "lr": 1.5950659180656326e-05,
    "train_samples": 38848,
    "val_samples": 7589,
    "validated": true
  },
  "best_checkpoint": "/home/matiasfernandezjr/NmFrameMog/NG/yolov8x_product_pipeline/workspace/runs/yv8x_3fold_050ep_001/recognizer/fold_2/best.pt"
}